"Date and Time","NO<sub>2</sub>","PM<sub>10</sub>","PM<sub>2.5</sub>"
"2020-06-30 01:00:00",-0.47,4.93,3.45
"2020-06-30 02:00:00",-0.67,3.38,2.17
"2020-06-30 03:00:00",-0.72,5.57,3.18
"2020-06-30 04:00:00",-0.15,6.57,3.83
"2020-06-30 05:00:00",0.02,6.59,3.82
"2020-06-30 06:00:00",1.72,10.73,5.18
"2020-06-30 07:00:00",5.68,14.86,6.7
"2020-06-30 08:00:00",8.44,12.63,6.24
"2020-06-30 09:00:00",6.56,13.49,6.67
"2020-06-30 09:01:00",,,
"2020-06-30 10:01:00",,,
"2020-06-30 12:00:00",5.17,9.63,5.7
"2020-06-30 13:00:00",4.24,9.63,5.58
"2020-06-30 14:00:00",3.11,10.32,5.62
"2020-06-30 15:00:00",6.06,11.78,6.25
"2020-06-30 16:00:00",7.08,13.51,7.19
"2020-06-30 17:00:00",7.53,11.25,6.13
"2020-06-30 18:00:00",15.41,9.3,4.95
"2020-06-30 19:00:00",18.36,6.31,3.15
"2020-06-30 20:00:00",11.97,5.62,3.24
"2020-06-30 21:00:00",12.38,6.3,3.8
"2020-06-30 22:00:00",18.18,6.78,4.69
"2020-06-30 23:00:00",24,8.34,5.71
"2020-07-01 00:00:00",13.9,6.36,4.74
"2020-07-01 01:00:00",16.81,5.94,4.72
"2020-07-01 02:00:00",13.83,6.23,4.79
"2020-07-01 03:00:00",17.4,5.99,5.08
"2020-07-01 04:00:00",13.01,5.88,5.06
"2020-07-01 05:00:00",11.73,8.66,7.27
"2020-07-01 06:00:00",5.46,6.61,5.89
"2020-07-01 07:00:00",10.37,5.34,4.23
"2020-07-01 08:00:00",22.68,9.47,7.38
"2020-07-01 09:00:00",25.28,9.93,7.15
"2020-07-01 10:00:00",17.19,7.75,5.66
"2020-07-01 11:00:00",11.85,6.85,5.13
"2020-07-01 12:00:00",13.69,6.89,5.28
"2020-07-01 13:00:00",19.31,8.66,6.31
"2020-07-01 14:00:00",18.27,10.55,7.82
"2020-07-01 15:00:00",9.11,6.62,4.74
"2020-07-01 16:00:00",9.9,6.81,5.06
"2020-07-01 17:00:00",16.08,7.98,5.42
"2020-07-01 18:00:00",26.29,8.35,5.65
"2020-07-01 19:00:00",21.83,7.59,5.18
"2020-07-01 20:00:00",22.76,6.38,4.95
"2020-07-01 21:00:00",25.01,6.58,5.38
"2020-07-01 22:00:00",34.9,7.82,6.17
"2020-07-01 23:00:00",26.03,7.93,6.17
"2020-07-02 00:00:00",10.82,5.28,3.89
"2020-07-02 01:00:00",5.85,5.51,4.12
"2020-07-02 02:00:00",2.74,5.27,3.41
"2020-07-02 03:00:00",5.08,6.04,4.15
"2020-07-02 04:00:00",4.17,8.29,4.46
"2020-07-02 05:00:00",2.78,7.45,3.61
"2020-07-02 06:00:00",5.02,8.14,3.36
"2020-07-02 07:00:00",7.61,8.19,3.96
"2020-07-02 08:00:00",7.84,8.96,4.56
"2020-07-02 09:00:00",5.35,10.19,4.57
"2020-07-02 10:00:00",4.59,8.88,4.47
"2020-07-02 11:00:00",2.56,8.03,3.77
"2020-07-02 12:00:00",3.09,6.29,3.31
"2020-07-02 13:00:00",3.08,7.19,3.41
"2020-07-02 14:00:00",4.02,8.04,3.46
"2020-07-02 15:00:00",2.55,8.78,3.25
"2020-07-02 16:00:00",1.11,5.79,2.72
"2020-07-02 17:00:00",2.84,7.44,3.24
"2020-07-02 18:00:00",3.22,7.65,3.59
"2020-07-02 19:00:00",4.33,7.83,3.72
"2020-07-02 20:00:00",3.83,7.92,3.92
"2020-07-02 21:00:00",4.26,7.74,3.72
"2020-07-02 22:00:00",10.26,8.08,4
"2020-07-02 23:00:00",10.3,7.86,4.36
"2020-07-03 00:00:00",9.9,7.17,3.6
"2020-07-03 01:00:00",5.31,6.35,2.94
"2020-07-03 02:00:00",1,4.12,2.5
"2020-07-03 03:00:00",2.18,4.01,2.52
"2020-07-03 04:00:00",-0.53,3.98,2.22
"2020-07-03 05:00:00",-0.47,3.49,2.02
"2020-07-03 06:00:00",0.03,5.77,3.12
"2020-07-03 07:00:00",3.46,6.49,3.66
"2020-07-03 08:00:00",5.76,7.27,3.92
"2020-07-03 09:00:00",6.25,5.7,3.13
"2020-07-03 10:00:00",5.13,4.31,2.04
"2020-07-03 11:00:00",4.16,2.9,1.17
"2020-07-03 12:00:00",3.71,2.74,1.04
"2020-07-03 13:00:00",4.58,3.81,1.82
"2020-07-03 14:00:00",7.09,2.73,1.33
"2020-07-03 15:00:00",5,2.76,1.74
"2020-07-03 16:00:00",4.02,3.91,2.21
"2020-07-03 17:00:00",4.36,5.57,3.77
"2020-07-03 18:00:00",4.65,4.05,2.62
"2020-07-03 19:00:00",2.48,4.3,2.68
"2020-07-03 20:00:00",2.04,3.59,2.36
"2020-07-03 21:00:00",2.53,4.4,2.84
"2020-07-03 22:00:00",3.92,3.4,2.15
"2020-07-03 23:00:00",1.93,3.66,2.13
"2020-07-04 00:00:00",1.82,3.21,1.79
"2020-07-04 01:00:00",1.1,4.89,2.61
"2020-07-04 02:00:00",0.57,4.47,1.64
"2020-07-04 03:00:00",0.2,3.29,1.16
"2020-07-04 04:00:00",-0.22,2.88,0.93
"2020-07-04 05:00:00",-0.57,2.53,0.8
"2020-07-04 06:00:00",-0.28,2.28,0.59
"2020-07-04 07:00:00",1.39,2.08,0.62
"2020-07-04 08:00:00",4.67,2.59,0.85
"2020-07-04 09:00:00",3.2,2.94,1.05
"2020-07-04 10:00:00",1.47,2.3,0.96
"2020-07-04 11:00:00",1.77,1.48,0.57
"2020-07-04 12:00:00",2.16,1.47,0.72
"2020-07-04 13:00:00",2.67,2.2,0.82
"2020-07-04 14:00:00",2.59,2.53,1.1
"2020-07-04 15:00:00",1.46,2.96,1.37
"2020-07-04 16:00:00",2.37,4.07,1.81
"2020-07-04 17:00:00",5.1,4.65,2.15
"2020-07-04 18:00:00",2.19,4.42,2.51
"2020-07-04 19:00:00",1.34,3.72,2.02
"2020-07-04 20:00:00",1.53,3.77,1.99
"2020-07-04 21:00:00",0.76,4.9,2.44
"2020-07-04 22:00:00",-0.38,3.03,1.3
"2020-07-04 23:00:00",-0.82,2.22,0.85
"2020-07-05 00:00:00",-0.69,1.83,0.65
"2020-07-05 01:00:00",-0.97,3.67,1.37
"2020-07-05 02:00:00",-0.24,4.92,2.25
"2020-07-05 03:00:00",1.94,5.06,2.37
"2020-07-05 04:00:00",1.12,5.02,1.94
"2020-07-05 05:00:00",0.87,5.53,2.26
"2020-07-05 06:00:00",1.68,8.17,3.1
"2020-07-05 07:00:00",-0.7,8.37,3.7
"2020-07-05 08:00:00",-1.24,10.6,4.97
"2020-07-05 09:00:00",-1.16,10.03,4.71
"2020-07-05 10:00:00",-1.04,8.76,4.35
"2020-07-05 11:00:00",-0.51,8.52,3.85
"2020-07-05 12:00:00",-0.65,6.42,3.28
"2020-07-05 13:00:00",-0.41,8.27,4.35
"2020-07-05 14:00:00",0.01,14.34,6.89
"2020-07-05 15:00:00",-0.01,14.13,6.62
"2020-07-05 16:00:00",-0.19,12.92,6.8
"2020-07-05 17:00:00",0.87,12.57,6.75
"2020-07-05 18:00:00",-0.07,13.3,7.48
"2020-07-05 19:00:00",-0.24,12.72,6.75
"2020-07-05 20:00:00",-0.07,9.48,4.84
"2020-07-05 21:00:00",-0.1,8.37,5.25
"2020-07-05 22:00:00",0.19,8.49,5.28
"2020-07-05 23:00:00",-0.65,12.82,7.49
"2020-07-06 00:00:00",-0.83,8.93,5.32
"2020-07-06 01:00:00",1.01,9.06,4.93
"2020-07-06 02:00:00",4.83,8.77,4.8
"2020-07-06 03:00:00",1.69,7,3.9
"2020-07-06 04:00:00",4.55,9,4.66
"2020-07-06 05:00:00",0.22,10.14,5.16
"2020-07-06 06:00:00",3.74,10.1,5.04
"2020-07-06 07:00:00",1.4,11.08,5.3
"2020-07-06 08:00:00",3.31,11.87,5.42
"2020-07-06 09:00:00",3.78,9.27,5.1
"2020-07-06 10:00:00",3.18,8.41,4.46
"2020-07-06 11:00:00",1.06,8.64,4.46
"2020-07-06 12:00:00",3.49,8.78,4.53
"2020-07-06 13:00:00",4.79,9.92,4.55
"2020-07-06 14:00:00",2.17,8.53,4.35
"2020-07-06 15:00:00",1.73,9.11,4.1
"2020-07-06 16:00:00",3.04,6.89,3.32
"2020-07-06 17:00:00",4.27,7.94,3.91
"2020-07-06 18:00:00",3.46,8.53,4.07
"2020-07-06 19:00:00",3.84,8.5,4.82
"2020-07-06 20:00:00",7.39,9.34,4.57
"2020-07-06 21:00:00",4.66,10.51,5.02
"2020-07-06 22:00:00",6.68,8.9,4.67
"2020-07-06 23:00:00",7.86,7.02,3.44
"2020-07-07 00:00:00",18.55,8.86,4.67
"2020-07-07 01:00:00",12.28,12.37,6.17
"2020-07-07 02:00:00",3.02,10.02,4.94
"2020-07-07 03:00:00",0.27,10.59,5.28
"2020-07-07 04:00:00",1.49,11.23,5.32
"2020-07-07 05:00:00",0.81,10.14,5.04
"2020-07-07 06:00:00",2.23,9.68,5.09
"2020-07-07 07:00:00",8.31,8.89,4.98
"2020-07-07 08:00:00",15.13,8.47,5.07
"2020-07-07 09:00:00",13.12,8.63,4.88
"2020-07-07 10:00:00",16.75,9.32,4.3
"2020-07-07 11:00:00",12.94,9.63,4.96
"2020-07-07 12:00:00",9.72,5.64,3.6
"2020-07-07 13:00:00",13.85,6.23,3.8
"2020-07-07 14:00:00",13.78,4.45,3.1
"2020-07-07 15:00:00",12.47,2.92,1.99
"2020-07-07 16:00:00",14.6,3.2,1.88
"2020-07-07 17:00:00",19.67,4.05,2.59
"2020-07-07 18:00:00",26.42,3.7,2.86
"2020-07-07 19:00:00",5.98,3.88,2.32
"2020-07-07 20:00:00",5.19,3.58,1.76
"2020-07-07 21:00:00",4.14,3.8,1.88
"2020-07-07 22:00:00",6.58,4.64,2.45
"2020-07-07 23:00:00",7.82,2.48,1.66
"2020-07-08 00:00:00",5.31,2.5,1.36
"2020-07-08 01:00:00",2.54,5.21,3.32
"2020-07-08 02:00:00",0.99,2.47,1.31
"2020-07-08 03:00:00",0.07,0.92,0.42
"2020-07-08 04:00:00",-0.03,1.56,0.77
"2020-07-08 05:00:00",0.86,1.83,1.01
"2020-07-08 06:00:00",3.19,2.42,1.51
"2020-07-08 07:00:00",8.05,3.21,2.23
"2020-07-08 08:00:00",15.48,3.75,2.57
"2020-07-08 09:00:00",13.43,4.64,3.08
"2020-07-08 10:00:00",13.79,6.14,3.73
"2020-07-08 11:00:00",12.93,5.39,3.35
"2020-07-08 12:00:00",11.81,5.36,3.21
"2020-07-08 13:00:00",6.86,5.83,3.27
"2020-07-08 14:00:00",10.44,6.93,4.14
"2020-07-08 15:00:00",11.81,6.31,4.12
"2020-07-08 16:00:00",10.35,4.34,2.92
"2020-07-08 17:00:00",11.06,3.69,2.43
"2020-07-08 18:00:00",11.3,3.04,2.4
"2020-07-08 19:00:00",11.27,3.43,2.75
"2020-07-08 20:00:00",11.58,3.21,2.48
"2020-07-08 21:00:00",6.23,2.52,2.03
"2020-07-08 22:00:00",16.16,2.78,2.33
"2020-07-08 23:00:00",13.63,2.69,1.97
"2020-07-09 00:00:00",8.47,2.51,1.92
"2020-07-09 01:00:00",7.99,2.31,1.89
"2020-07-09 02:00:00",6.24,2.31,1.75
"2020-07-09 03:00:00",3.98,1.81,1.28
"2020-07-09 04:00:00",4.16,4.47,3.38
"2020-07-09 05:00:00",2.44,3.37,2.5
"2020-07-09 06:00:00",2.65,1.44,0.73
"2020-07-09 07:00:00",6.14,5.49,3.47
"2020-07-09 08:00:00",11.67,8.08,5.38
"2020-07-09 09:00:00",9.9,7.05,4.6
"2020-07-09 10:00:00",8.41,7.26,4.61
"2020-07-09 11:00:00",7.94,8.08,4.96
"2020-07-09 12:00:00",8.78,8.32,4.93
"2020-07-09 13:00:00",10.62,10.35,5.57
"2020-07-09 14:00:00",14.26,9.31,5.64
"2020-07-09 15:00:00",11.5,10.29,5.45
"2020-07-09 16:00:00",9.61,10,4.88
"2020-07-09 17:00:00",10.6,9.9,4.42
"2020-07-09 18:00:00",9.42,8.24,3.92
"2020-07-09 19:00:00",10.99,8.81,4.22
"2020-07-09 20:00:00",17.62,9.16,5.17
"2020-07-09 21:00:00",13.9,4.62,2.1
"2020-07-09 22:00:00",6.73,5.19,2.09
"2020-07-09 23:00:00",5.54,3.85,1.9
"2020-07-10 00:00:00",5.18,4.52,2.28
"2020-07-10 01:00:00",3.7,4.46,2
"2020-07-10 02:00:00",3.12,3.82,1.92
"2020-07-10 03:00:00",3.23,4.27,1.85
"2020-07-10 04:00:00",3.78,4.25,1.86
"2020-07-10 05:00:00",3.8,5.62,2.38
"2020-07-10 06:00:00",6.45,5.85,2.37
"2020-07-10 07:00:00",8.21,7.21,3.24
"2020-07-10 08:00:00",8.27,4.46,1.77
"2020-07-10 09:00:00",4.28,4.2,1.52
"2020-07-10 10:00:00",3.01,4.22,1.5
"2020-07-10 11:00:00",3.3,3.14,1.34
"2020-07-10 12:00:00",3.55,3.21,1.45
"2020-07-10 13:00:00",4.24,4.58,1.6
"2020-07-10 14:00:00",3.51,4.38,1.51
"2020-07-10 15:00:00",4.16,4.48,1.5
"2020-07-10 16:00:00",3.15,3.17,1.51
"2020-07-10 17:00:00",3.88,3.89,1.71
"2020-07-10 18:00:00",4.24,4.21,1.96
"2020-07-10 19:00:00",4.08,3.44,1.48
"2020-07-10 20:00:00",7.96,3.02,1.65
"2020-07-10 21:00:00",7.51,3.59,2.39
"2020-07-10 22:00:00",8.41,4.68,2.74
"2020-07-10 23:00:00",9.04,5.6,3.08
"2020-07-11 00:00:00",6.7,6.09,3.63
"2020-07-11 01:00:00",8.39,5.71,3.46
"2020-07-11 02:00:00",7.67,6.76,4.02
"2020-07-11 03:00:00",12.28,7.54,4.55
"2020-07-11 04:00:00",18.57,8.18,4.58
"2020-07-11 05:00:00",4.44,8.19,4.14
"2020-07-11 06:00:00",4.67,7.28,3.93
"2020-07-11 07:00:00",5.53,7.2,3.61
"2020-07-11 08:00:00",6.65,5.87,3.07
"2020-07-11 09:00:00",4.67,4.77,2.5
"2020-07-11 10:00:00",2.72,4.08,1.99
"2020-07-11 11:00:00",1.91,3.41,1.76
"2020-07-11 12:00:00",2.15,2.69,1.68
"2020-07-11 13:00:00",2.27,3.61,1.82
"2020-07-11 14:00:00",2.12,4.09,1.87
"2020-07-11 15:00:00",2.34,3.8,2.05
"2020-07-11 16:00:00",2.73,4.41,2.88
"2020-07-11 17:00:00",2.29,4.84,3.04
"2020-07-11 18:00:00",2.52,4.2,2.76
"2020-07-11 19:00:00",4.58,5.25,3.02
"2020-07-11 20:00:00",4.96,6.03,3.64
"2020-07-11 21:00:00",6.69,6.91,4.43
"2020-07-11 22:00:00",15.21,8.91,5.56
"2020-07-11 23:00:00",19.01,11.31,8.02
"2020-07-12 00:00:00",10.68,10.58,6.85
"2020-07-12 01:00:00",3.01,10.15,5.35
"2020-07-12 02:00:00",3.09,4.94,2.72
"2020-07-12 03:00:00",2.85,4.85,2.51
"2020-07-12 04:00:00",2.92,4.61,2.58
"2020-07-12 05:00:00",3.68,4.95,2.27
"2020-07-12 06:00:00",3.04,4.78,2.27
"2020-07-12 07:00:00",2.52,5.09,2.54
"2020-07-12 08:00:00",2.33,4.22,2.08
"2020-07-12 09:00:00",2.37,3.56,1.92
"2020-07-12 10:00:00",1.34,4.28,1.99
"2020-07-12 11:00:00",1.65,4.41,2.01
"2020-07-12 12:00:00",1.72,4.82,2.19
"2020-07-12 13:00:00",2.51,5.11,2.65
"2020-07-12 14:00:00",2.01,4.47,2.25
"2020-07-12 15:00:00",2.12,4.82,2.31
"2020-07-12 16:00:00",2.41,4.94,2.34
"2020-07-12 17:00:00",3.31,8.17,4.38
"2020-07-12 18:00:00",2.71,7.67,4.15
"2020-07-12 19:00:00",3.87,6.71,3.42
"2020-07-12 20:00:00",4.18,7.76,4.45
"2020-07-12 21:00:00",5.25,5.77,2.69
"2020-07-12 22:00:00",5.38,5.07,2.51
"2020-07-12 23:00:00",3.07,4.62,2.42
"2020-07-13 00:00:00",2.67,3.85,2.18
"2020-07-13 01:00:00",1.57,3.61,1.91
"2020-07-13 02:00:00",1.11,2.52,1.5
"2020-07-13 03:00:00",0.8,2.71,1.45
"2020-07-13 04:00:00",0.94,2.98,1.51
"2020-07-13 05:00:00",0.86,2.94,1.47
"2020-07-13 06:00:00",1.91,2.8,1.53
"2020-07-13 07:00:00",3.97,3.25,1.63
"2020-07-13 08:00:00",7.9,3.85,1.89
"2020-07-13 09:00:00",9.42,4.36,1.86
"2020-07-13 10:00:00",4.54,2.4,1.33
"2020-07-13 11:00:00",3,3.76,2.29
"2020-07-13 12:00:00",3.23,4.63,2.74
"2020-07-13 13:00:00",2.32,3.78,2.04
"2020-07-13 14:00:00",2.21,4.41,2.4
"2020-07-13 15:00:00",3.28,4.77,2.84
"2020-07-13 16:00:00",3.77,4.59,2.59
"2020-07-13 17:00:00",2.75,4.95,2.74
"2020-07-13 18:00:00",5.86,6.3,3.33
"2020-07-13 19:00:00",8.43,5.87,3.78
"2020-07-13 20:00:00",7.19,4.84,3.33
"2020-07-13 21:00:00",5.68,4.69,3.16
"2020-07-13 22:00:00",5.22,3.1,1.88
"2020-07-13 23:00:00",4.17,3.13,2.01
"2020-07-14 00:00:00",3.26,4.22,2.84
"2020-07-14 01:00:00",3.5,11.49,8.44
"2020-07-14 02:00:00",2.96,4.4,2.48
"2020-07-14 03:00:00",1.28,3.8,2.04
"2020-07-14 04:00:00",1.24,3.7,1.97
"2020-07-14 05:00:00",1.32,3.31,1.78
"2020-07-14 06:00:00",2.56,3.34,1.69
"2020-07-14 07:00:00",5.14,5.42,2.05
"2020-07-14 08:00:00",8.03,5.96,2.47
"2020-07-14 09:00:00",7.79,5.66,2.32
"2020-07-14 10:00:00",5.67,5.29,1.95
"2020-07-14 11:00:00",4.48,4.82,2.02
"2020-07-14 12:00:00",4.01,6.04,2.28
"2020-07-14 13:00:00",5.46,4.67,2.3
"2020-07-14 14:00:00",6.71,3.6,2.41
"2020-07-14 15:00:00",7.03,3.57,2.25
"2020-07-14 16:00:00",7.48,3.39,2.52
"2020-07-14 17:00:00",12.1,4.02,3
"2020-07-14 18:00:00",11.79,6.32,4.29
"2020-07-14 19:00:00",6.88,7.42,4.77
"2020-07-14 20:00:00",5.55,8.31,5.3
"2020-07-14 21:00:00",4.46,9.99,6.37
"2020-07-14 22:00:00",7.05,11.41,7.24
"2020-07-14 23:00:00",10.4,11.61,7.45
"2020-07-15 00:00:00",12.26,10.18,6.31
"2020-07-15 01:00:00",7.43,9.53,5.69
"2020-07-15 02:00:00",0.7,5.37,3.22
"2020-07-15 03:00:00",0.57,5.59,2.97
"2020-07-15 04:00:00",5.75,5.82,3.28
"2020-07-15 05:00:00",8.76,6.52,3.53
"2020-07-15 06:00:00",3.58,7.55,4.12
"2020-07-15 07:00:00",7.5,12.19,6.13
"2020-07-15 08:00:00",8.6,9.06,5.65
"2020-07-15 09:00:00",6.24,9.49,5.96
"2020-07-15 10:00:00",5.75,12.04,6.49
"2020-07-15 11:00:00",5,8.48,4.13
"2020-07-15 12:00:00",3.24,5.73,3.55
"2020-07-15 13:00:00",5.69,9.32,5.05
"2020-07-15 14:00:00",4.49,8.63,5.16
"2020-07-15 15:00:00",4.97,10.56,6.19
"2020-07-15 16:00:00",5.89,9.19,4.85
"2020-07-15 17:00:00",5.54,7.37,3.69
"2020-07-15 18:00:00",7.02,6.26,2.88
"2020-07-15 19:00:00",5.54,5.69,3.25
"2020-07-15 20:00:00",6.56,6,3.43
"2020-07-15 21:00:00",7.68,5.65,3.02
"2020-07-15 22:00:00",7.69,4.73,2.66
"2020-07-15 23:00:00",3.91,4.67,2.62
"2020-07-16 00:00:00",2.36,3.81,1.97
"2020-07-16 01:00:00",1.12,2.27,1.47
"2020-07-16 02:00:00",1.21,2.63,1.42
"2020-07-16 03:00:00",10.15,2.77,1.75
"2020-07-16 04:00:00",0.8,2.73,1.46
"2020-07-16 05:00:00",1.28,2.53,1.15
"2020-07-16 06:00:00",5.42,2.5,1.29
"2020-07-16 07:00:00",6.95,2.74,1.3
"2020-07-16 08:00:00",9.51,3.36,1.27
"2020-07-16 09:00:00",5.42,3.51,1.35
"2020-07-16 10:00:00",5.75,4.42,1.65
"2020-07-16 11:00:00",5.67,4.44,1.65
"2020-07-16 12:00:00",3.41,6.17,2.39
"2020-07-16 13:00:00",2.08,10.86,3.69
"2020-07-16 14:00:00",2.19,14.21,4.76
"2020-07-16 15:00:00",2.17,15.99,5.11
"2020-07-16 16:00:00",2.02,17.97,5.68
"2020-07-16 17:00:00",2.87,16.34,4.95
"2020-07-16 18:00:00",2.73,12.51,3.95
"2020-07-16 19:00:00",2.72,11.84,3.9
"2020-07-16 20:00:00",6.25,10.07,3.9
"2020-07-16 21:00:00",9.19,10.26,4.37
"2020-07-16 22:00:00",8.43,9.95,4.35
"2020-07-16 23:00:00",4.67,9.65,3.85
"2020-07-17 00:00:00",6.72,10.75,5.83
"2020-07-17 01:00:00",17.01,10.16,4.61
"2020-07-17 02:00:00",3.44,17.14,10.24
"2020-07-17 03:00:00",0.72,6.73,3.87
"2020-07-17 04:00:00",0.95,6.75,3.59
"2020-07-17 05:00:00",1.11,6.21,3.68
"2020-07-17 06:00:00",1.65,6.93,3.99
"2020-07-17 07:00:00",3.83,6.35,3.49
"2020-07-17 08:00:00",5.19,7.34,2.85
"2020-07-17 09:00:00",6.09,8.34,2.75
"2020-07-17 10:00:00",6.39,8.91,2.82
"2020-07-17 11:00:00",4.69,7.19,2.69
"2020-07-17 12:00:00",5.16,12.29,3.57
"2020-07-17 13:00:00",4.6,92.35,40.83
"2020-07-17 14:00:00",4.52,10.83,4.31
"2020-07-17 15:00:00",5.96,7.71,2.85
"2020-07-17 16:00:00",4.43,5.02,1.94
"2020-07-17 17:00:00",4.59,3.67,1.73
"2020-07-17 18:00:00",4.35,3.99,1.95
"2020-07-17 19:00:00",4.78,5.13,2.26
"2020-07-17 20:00:00",4.91,6.14,2.87
"2020-07-17 21:00:00",4.04,7.01,3.38
"2020-07-17 22:00:00",8.42,7.63,4.37
"2020-07-17 22:01:00",,,
"2020-07-17 23:01:00",,,
"2020-07-18 00:00:00",1.31,7.55,4.26
"2020-07-18 01:00:00",1.39,6.78,4.31
"2020-07-18 02:00:00",1.06,6.09,3.85
"2020-07-18 03:00:00",0.62,4.72,2.88
"2020-07-18 04:00:00",0.7,3.36,1.98
"2020-07-18 05:00:00",1.11,2.78,1.5
"2020-07-18 06:00:00",3.95,1.99,0.59
"2020-07-18 07:00:00",3.05,2.04,0.56
"2020-07-18 08:00:00",3.73,1.95,0.8
"2020-07-18 09:00:00",8.22,3.23,1.26
"2020-07-18 10:00:00",9.21,2.95,1.41
"2020-07-18 11:00:00",6.08,4.31,2.01
"2020-07-18 12:00:00",4.38,4.56,2.2
"2020-07-18 13:00:00",2.68,5.26,2.66
"2020-07-18 14:00:00",3.33,4.85,2.68
"2020-07-18 15:00:00",2.78,5.11,2.7
"2020-07-18 16:00:00",2.59,5.07,2.83
"2020-07-18 17:00:00",3.23,5.06,2.9
"2020-07-18 18:00:00",2.88,4.91,2.83
"2020-07-18 19:00:00",3.48,5.29,2.83
"2020-07-18 20:00:00",4.65,5.07,2.71
"2020-07-18 21:00:00",5.62,4.82,2.68
"2020-07-18 22:00:00",8.05,7.79,3.96
"2020-07-18 23:00:00",8.95,8.37,4.57
"2020-07-19 00:00:00",3.57,11.42,6.23
"2020-07-19 01:00:00",4.15,12.87,6.25
"2020-07-19 02:00:00",4.06,12.99,6.95
"2020-07-19 03:00:00",5.22,15.39,8.37
"2020-07-19 04:00:00",6.49,15.98,8.21
"2020-07-19 05:00:00",9.8,14.39,7.14
"2020-07-19 06:00:00",11.94,15.9,7.68
"2020-07-19 07:00:00",13.87,15.4,7.53
"2020-07-19 08:00:00",3.98,14.67,7.31
"2020-07-19 09:00:00",2.42,14.06,7.3
"2020-07-19 10:00:00",1.82,13.86,7.06
"2020-07-19 11:00:00",1.48,11.99,6.02
"2020-07-19 12:00:00",1.36,9.65,5.09
"2020-07-19 13:00:00",1.55,7.38,3.96
"2020-07-19 14:00:00",1.51,8.04,4.06
"2020-07-19 15:00:00",1.54,7.03,3.53
"2020-07-19 16:00:00",1.75,6.34,3.33
"2020-07-19 17:00:00",1.97,5.9,3.01
"2020-07-19 18:00:00",1.54,4.52,2.42
"2020-07-19 19:00:00",1.75,3.65,1.9
"2020-07-19 20:00:00",3.38,5.03,2.48
"2020-07-19 21:00:00",4.37,4.6,2.31
"2020-07-19 22:00:00",6.21,4.98,2.52
"2020-07-19 23:00:00",14.29,5.82,3.08
"2020-07-20 00:00:00",10.83,6.38,3.54
"2020-07-20 01:00:00",8.32,6.4,3.75
"2020-07-20 02:00:00",6.16,6.64,3.28
"2020-07-20 03:00:00",4.25,8.1,4.85
"2020-07-20 04:00:00",11.96,12,8.25
"2020-07-20 05:00:00",18.66,11.1,7.71
"2020-07-20 06:00:00",13.78,15.12,10.52
"2020-07-20 07:00:00",19.29,7.79,3.76
"2020-07-20 08:00:00",12.5,7.38,3.45
"2020-07-20 09:00:00",9.85,8.66,3.84
"2020-07-20 10:00:00",6.68,8.64,3.9
"2020-07-20 11:00:00",4.08,7.08,3.03
"2020-07-20 12:00:00",2.68,5.68,2.49
"2020-07-20 13:00:00",2.73,6.6,2.48
"2020-07-20 14:00:00",3.01,4.61,2.23
"2020-07-20 15:00:00",3.82,7.12,3.01
"2020-07-20 16:00:00",4.74,17.78,13.14
"2020-07-20 17:00:00",3.83,5.57,2.92
"2020-07-20 18:00:00",4,6.29,3.02
"2020-07-20 19:00:00",3.96,5.97,2.79
"2020-07-20 20:00:00",7.3,5.98,2.57
"2020-07-20 21:00:00",23.43,8.41,3.83
"2020-07-20 22:00:00",28.9,9.31,5.08
"2020-07-20 23:00:00",23.7,11.65,7
"2020-07-21 00:00:00",35.76,11.48,6.74
"2020-07-21 01:00:00",32.7,12.17,6.58
"2020-07-21 02:00:00",22.96,16.3,10.32
"2020-07-21 03:00:00",18.53,15.45,10.04
"2020-07-21 04:00:00",18.37,14.44,9.57
"2020-07-21 05:00:00",13.65,9.89,6.3
"2020-07-21 06:00:00",16.47,8.45,4.86
"2020-07-21 07:00:00",19.5,9.54,4.75
"2020-07-21 08:00:00",22.01,8.37,4.27
"2020-07-21 09:00:00",22.87,11.89,4.33
"2020-07-21 10:00:00",13.06,10.95,3.55
"2020-07-21 11:00:00",8.76,8.25,2.85
"2020-07-21 12:00:00",6.12,8.83,3.03
"2020-07-21 13:00:00",8.6,9.83,3.39
"2020-07-21 14:00:00",16.58,10.61,3.93
"2020-07-21 15:00:00",7.77,9.67,3.41
"2020-07-21 16:00:00",7.44,8.93,3.13
"2020-07-21 17:00:00",7.57,8.25,3.11
"2020-07-21 18:00:00",8.27,8.25,3.29
"2020-07-21 19:00:00",8.5,8.96,3.89
"2020-07-21 20:00:00",12.13,9.77,4.87
"2020-07-21 21:00:00",21.67,10.61,6.01
"2020-07-21 22:00:00",28.79,11.87,6.8
"2020-07-21 23:00:00",22.08,14.88,7.63
"2020-07-22 00:00:00",9.17,11.31,5.26
"2020-07-22 01:00:00",4.87,10.24,4.25
"2020-07-22 02:00:00",7.42,9.86,4.25
"2020-07-22 03:00:00",3.98,6.6,3.28
"2020-07-22 04:00:00",4.13,6.32,3.25
"2020-07-22 05:00:00",4.61,6.64,3.43
"2020-07-22 06:00:00",6.76,6.88,3.84
"2020-07-22 07:00:00",15.41,6.97,4
"2020-07-22 08:00:00",31.08,10.28,3.98
"2020-07-22 09:00:00",9.62,4.29,2.58
"2020-07-22 10:00:00",8.94,4.57,2.65
"2020-07-22 11:00:00",3.93,4.51,2.42
"2020-07-22 12:00:00",4.18,4.41,2.49
"2020-07-22 13:00:00",3.7,4.72,2.47
"2020-07-22 14:00:00",4.47,4.86,2.54
"2020-07-22 15:00:00",4.44,5.62,2.38
"2020-07-22 16:00:00",4.21,4.83,2.12
"2020-07-22 17:00:00",4.77,3.24,1.73
"2020-07-22 18:00:00",5.98,2.61,1.5
"2020-07-22 19:00:00",3.97,2.72,1.79
"2020-07-22 20:00:00",5.94,4.4,2.85
"2020-07-22 21:00:00",7.13,6.45,4.58
"2020-07-22 22:00:00",7.01,5.64,4.14
"2020-07-22 23:00:00",12.94,7.38,5.09
"2020-07-23 00:00:00",8.86,9,5.76
"2020-07-23 01:00:00",2.88,9.91,6.05
"2020-07-23 02:00:00",2.52,9.29,5.59
"2020-07-23 03:00:00",2.13,7.96,4.96
"2020-07-23 04:00:00",2.93,7.39,4.59
"2020-07-23 05:00:00",1.96,5.48,3.41
"2020-07-23 06:00:00",4.59,5.83,3.7
"2020-07-23 07:00:00",9.37,5.5,2.87
"2020-07-23 08:00:00",10.42,1.78,1.12
"2020-07-23 09:00:00",8.39,2.08,1.04
"2020-07-23 10:00:00",8.19,2.7,1.13
"2020-07-23 11:00:00",6.15,2.62,1.11
"2020-07-23 12:00:00",4.75,4.22,1.31
"2020-07-23 13:00:00",4.17,4.12,2.08
"2020-07-23 14:00:00",4.45,4.44,2.62
"2020-07-23 15:00:00",4.22,3.32,1.89
"2020-07-23 16:00:00",4.93,4.03,2.36
"2020-07-23 17:00:00",6.23,5.63,2.51
"2020-07-23 18:00:00",5.67,4.46,2.1
"2020-07-23 19:00:00",5.76,3.82,1.89
"2020-07-23 20:00:00",10.03,4.09,2.19
"2020-07-23 21:00:00",7.07,4.03,2.65
"2020-07-23 22:00:00",9.78,5.26,2.88
"2020-07-23 23:00:00",11.2,4.6,3.14
"2020-07-24 00:00:00",8.44,4.67,2.99
"2020-07-24 01:00:00",8.05,4,2.46
"2020-07-24 02:00:00",6.48,3.6,2.33
"2020-07-24 03:00:00",2.93,3.97,2.05
"2020-07-24 04:00:00",9.46,4.85,2.61
"2020-07-24 05:00:00",9.79,4.71,2.65
"2020-07-24 06:00:00",13.12,6.1,2.85
"2020-07-24 07:00:00",16.18,6.84,3.37
"2020-07-24 08:00:00",16.13,6.99,3.69
"2020-07-24 09:00:00",13.07,7,3.12
"2020-07-24 10:00:00",10.97,7.14,3.16
"2020-07-24 11:00:00",9.12,7.71,3.96
"2020-07-24 12:00:00",10.19,8.28,4.29
"2020-07-24 13:00:00",3.69,7.51,3.39
"2020-07-24 14:00:00",4.1,8,3.3
"2020-07-24 15:00:00",7.36,9.53,3.68
"2020-07-24 16:00:00",8.54,7.19,3.05
"2020-07-24 17:00:00",13.28,6.75,2.32
"2020-07-24 18:00:00",9.03,3.37,0.97
"2020-07-24 19:00:00",7.7,6.28,1.61
"2020-07-24 20:00:00",5.62,2.55,1.3
"2020-07-24 21:00:00",5.2,4.15,2.16
"2020-07-24 22:00:00",4.42,6.8,3.72
"2020-07-24 23:00:00",3.2,7.61,5.54
"2020-07-25 00:00:00",2.02,8.15,5.7
"2020-07-25 01:00:00",1.58,9.11,6.4
"2020-07-25 02:00:00",1.03,5.85,3.84
"2020-07-25 03:00:00",0.68,4.36,2.74
"2020-07-25 04:00:00",2.44,3.42,1.88
"2020-07-25 05:00:00",5.49,3.77,1.76
"2020-07-25 06:00:00",5.51,3.64,1.86
"2020-07-25 07:00:00",4.06,4.3,2.06
"2020-07-25 08:00:00",1.74,4.12,1.68
"2020-07-25 09:00:00",1.73,2.61,1.16
"2020-07-25 10:00:00",1.52,2.26,0.93
"2020-07-25 11:00:00",3.33,1.91,0.91
"2020-07-25 12:00:00",3.92,2.63,1.11
"2020-07-25 13:00:00",3.18,3.03,1.51
"2020-07-25 14:00:00",3.48,3.62,2.01
"2020-07-25 15:00:00",3.31,3.83,2.09
"2020-07-25 16:00:00",4.3,5.13,2.62
"2020-07-25 17:00:00",4.05,7.84,3.37
"2020-07-25 18:00:00",10.25,4.25,2.66
"2020-07-25 19:00:00",6.04,3.01,1.63
"2020-07-25 20:00:00",4.09,2.95,1.74
"2020-07-25 21:00:00",4.85,3.71,2.14
"2020-07-25 22:00:00",8.95,5.52,2.57
"2020-07-25 23:00:00",3.64,6.67,3.26
"2020-07-26 00:00:00",2.86,7.79,3.4
"2020-07-26 01:00:00",3.07,7.71,3.43
"2020-07-26 02:00:00",2.83,7.21,3.11
"2020-07-26 03:00:00",0.56,6.72,2.94
"2020-07-26 04:00:00",0.29,4.82,2.52
"2020-07-26 05:00:00",0.29,4.85,2.36
"2020-07-26 06:00:00",0.21,6.09,2.61
"2020-07-26 07:00:00",0.27,6.11,2.76
"2020-07-26 08:00:00",0.47,5.11,2.34
"2020-07-26 09:00:00",0.54,4.64,2.04
"2020-07-26 10:00:00",0.7,4.07,1.9
"2020-07-26 11:00:00",1.21,3.75,1.76
"2020-07-26 12:00:00",1.46,3.63,1.62
"2020-07-26 13:00:00",2.45,2.62,1.27
"2020-07-26 14:00:00",4.96,3.12,1.72
"2020-07-26 15:00:00",1.89,4.19,2.27
"2020-07-26 16:00:00",1.99,4.3,2.27
"2020-07-26 17:00:00",2.66,4.96,2.63
"2020-07-26 18:00:00",4.48,5.58,3.09
"2020-07-26 19:00:00",4.04,5.57,2.74
"2020-07-26 20:00:00",4.37,4.55,2.89
"2020-07-26 21:00:00",4.18,2.89,1.74
"2020-07-26 22:00:00",5.83,3.69,2.53
"2020-07-26 23:00:00",3.86,3.55,2.13
"2020-07-27 00:00:00",3.6,4.28,2.43
"2020-07-27 01:00:00",1.88,4.2,2.29
"2020-07-27 02:00:00",2.81,5.26,3.2
"2020-07-27 03:00:00",2.01,3.31,1.95
"2020-07-27 04:00:00",2.88,2.75,1.68
"2020-07-27 05:00:00",1.64,2.39,1.55
"2020-07-27 06:00:00",3.4,2.7,1.49
"2020-07-27 07:00:00",4,1.58,0.68
"2020-07-27 08:00:00",15.44,2.83,1.32
"2020-07-27 09:00:00",14.23,3.78,0.8
"2020-07-27 10:00:00",5.95,2.35,0.64
"2020-07-27 11:00:00",2.6,2.09,0.92
"2020-07-27 12:00:00",2.8,2.5,1.07
"2020-07-27 13:00:00",3.16,4.09,1.03
"2020-07-27 14:00:00",4.16,4.03,1.03
"2020-07-27 15:00:00",4.38,6.01,1.76
"2020-07-27 16:00:00",4.16,7.31,2.15
"2020-07-27 17:00:00",4.29,5.61,1.95
"2020-07-27 18:00:00",4.04,5.53,2.21
"2020-07-27 19:00:00",3.26,5.62,2.66
"2020-07-27 20:00:00",5.8,5.9,2.78
"2020-07-27 21:00:00",4.62,4.27,2.46
"2020-07-27 22:00:00",4.33,4.09,2.44
"2020-07-27 23:00:00",4.87,5.72,3.17
"2020-07-28 00:00:00",1.98,6.86,3.46
"2020-07-28 01:00:00",4.78,9.38,5.04
"2020-07-28 02:00:00",7.91,7.41,3.54
"2020-07-28 03:00:00",9.58,8.46,3.8
"2020-07-28 04:00:00",0.54,5.25,2.61
"2020-07-28 05:00:00",0.47,6.04,2.54
"2020-07-28 06:00:00",1.52,7.89,3.09
"2020-07-28 07:00:00",4.96,7.98,3.19
"2020-07-28 08:00:00",7.13,7.41,3.09
"2020-07-28 09:00:00",5,6.34,2.87
"2020-07-28 10:00:00",4.02,7.57,3.05
"2020-07-28 11:00:00",4.11,6.38,2.55
"2020-07-28 12:00:00",3.82,5.31,2.2
"2020-07-28 13:00:00",3.86,5.45,1.89
"2020-07-28 14:00:00",3.9,13.9,3.69
"2020-07-28 15:00:00",3.59,12.09,3.09
"2020-07-28 16:00:00",3.79,5.79,2.11
"2020-07-28 17:00:00",5.03,4.63,1.74
"2020-07-28 18:00:00",5.52,3.49,1.47
"2020-07-28 19:00:00",7.67,3.22,1.68
"2020-07-28 20:00:00",6.07,3.92,2.17
"2020-07-28 21:00:00",6.39,4.22,2.21
"2020-07-28 22:00:00",8.33,5,2.23
"2020-07-28 23:00:00",7.29,4.88,2.46
"2020-07-29 00:00:00",5.29,5.85,2.48
"2020-07-29 01:00:00",3.39,5.55,2.97
"2020-07-29 02:00:00",3.62,5.34,2.5
"2020-07-29 03:00:00",5.79,5.67,2.85
"2020-07-29 04:00:00",3.45,5.42,2.67
"2020-07-29 05:00:00",1.99,5.46,2.44
"2020-07-29 06:00:00",8.12,5.23,2.41
"2020-07-29 07:00:00",14.03,5.03,2.27
"2020-07-29 08:00:00",13.12,5.25,2.27
"2020-07-29 09:00:00",6.46,5.16,1.87
"2020-07-29 10:00:00",4.5,3.56,1.71
"2020-07-29 11:00:00",6.06,4.19,1.98
"2020-07-29 12:00:00",6.61,9.39,3.13
"2020-07-29 13:00:00",5.71,6.63,2.4
"2020-07-29 14:00:00",8.4,6.35,2.71
"2020-07-29 15:00:00",5.74,6.81,2.83
"2020-07-29 16:00:00",5.21,7.7,2.63
"2020-07-29 17:00:00",8.1,7.99,2.34
"2020-07-29 18:00:00",7.57,3.44,1.4
"2020-07-29 19:00:00",7.8,3.57,1.7
"2020-07-29 20:00:00",11.16,3.4,1.82
"2020-07-29 21:00:00",6.6,2.87,1.77
"2020-07-29 22:00:00",9.93,4.08,2.63
"2020-07-29 23:00:00",3.61,2.26,1
"2020-07-30 00:00:00",1.71,1.99,1.16
"2020-07-30 01:00:00",4.71,2.77,1.73
"2020-07-30 02:00:00",3.43,3.48,1.03
"2020-07-30 03:00:00",1.51,1.46,0.76
"2020-07-30 04:00:00",2.84,1.84,0.84
"2020-07-30 05:00:00",1.18,3.34,2.01
"2020-07-30 06:00:00",1.79,5.26,3.24
"2020-07-30 07:00:00",10.49,5.92,2.57
"2020-07-30 08:00:00",13.37,7.3,3.58
"2020-07-30 09:00:00",11.99,8.05,3.98
"2020-07-30 10:00:00",7.08,6.81,3.63
"2020-07-30 11:00:00",9.5,9.38,4.11
"2020-07-30 12:00:00",8.51,10.07,4.69
"2020-07-30 13:00:00",4.93,8.11,4.71
"2020-07-30 14:00:00",6.04,8.61,4.53
"2020-07-30 15:00:00",8.46,8.65,4.28
"2020-07-30 16:00:00",12.71,9.15,4.29
"2020-07-30 17:00:00",12.89,12.52,5.82
"2020-07-30 18:00:00",9.87,8.48,3.68
"2020-07-30 19:00:00",7.22,7.09,3.48
"2020-07-30 20:00:00",6.55,7.14,3.47
"2020-07-30 21:00:00",4.29,6.02,3.02
"2020-07-30 22:00:00",8.63,8.15,4.31
"2020-07-30 23:00:00",8.14,11.86,5.48
"2020-07-31 00:00:00",3.91,10.95,4.56
"2020-07-31 01:00:00",3.15,11.4,5.91
"2020-07-31 02:00:00",4.09,10.12,5.05
"2020-07-31 03:00:00",3.89,10.34,4.36
"2020-07-31 04:00:00",4.58,11.02,4.59
"2020-07-31 05:00:00",4.19,10.77,4.69
"2020-07-31 06:00:00",9.74,12.07,5.49
"2020-07-31 07:00:00",14.04,14.11,5.92
"2020-07-31 08:00:00",22.83,16.78,6.59
"2020-07-31 09:00:00",28.41,18.31,7.44
"2020-07-31 10:00:00",31.23,19.63,8.14
"2020-07-31 11:00:00",17.56,19.3,8.35
"2020-07-31 12:00:00",5.68,11.31,4.87
"2020-07-31 13:00:00",12.63,10.04,4.67
"2020-07-31 14:00:00",9.89,3.87,1.58
"2020-07-31 15:00:00",9.15,5.33,1.31
"2020-07-31 16:00:00",7,6.69,2.57
"2020-07-31 17:00:00",5.94,6.55,2.56
"2020-07-31 18:00:00",6.16,3.84,2.24
"2020-07-31 19:00:00",6.19,5.07,2.82
"2020-07-31 20:00:00",4.23,5.97,3.19
"2020-07-31 21:00:00",12.8,6.1,3.6
"2020-07-31 22:00:00",9.67,5.8,3.1
"2020-07-31 23:00:00",4.98,3.96,2.54
"2020-08-01 00:00:00",7.86,7.93,4.7
"2020-08-01 01:00:00",5.17,5.6,3.44
"2020-08-01 02:00:00",4.66,6.04,3.76
"2020-08-01 03:00:00",0.82,4.01,1.8
"2020-08-01 04:00:00",4.78,4.14,1.85
"2020-08-01 05:00:00",4.86,6.29,2.64
"2020-08-01 06:00:00",1.64,7.21,2.91
"2020-08-01 07:00:00",9.98,9.33,3.89
"2020-08-01 08:00:00",10.84,10.97,4.79
"2020-08-01 09:00:00",5.94,10.02,4.77
"2020-08-01 10:00:00",4.08,11.55,5.24
"2020-08-01 11:00:00",1.89,10.79,5.54
"2020-08-01 12:00:00",3.25,7.95,4
"2020-08-01 13:00:00",2.44,6.59,3.35
"2020-08-01 14:00:00",2.5,7.34,3.49
"2020-08-01 15:00:00",2.79,6.24,2.79
"2020-08-01 16:00:00",2.63,4.95,2.33
"2020-08-01 17:00:00",3.66,4.84,2.52
"2020-08-01 18:00:00",3.61,4.92,2.68
"2020-08-01 19:00:00",5.81,4.84,2.66
"2020-08-01 20:00:00",5.87,3.62,1.98
"2020-08-01 21:00:00",5.32,4.19,2.64
"2020-08-01 22:00:00",5.51,4.08,2.34
"2020-08-01 23:00:00",4.55,3.8,2.4
"2020-08-02 00:00:00",4.31,4.14,2.49
"2020-08-02 01:00:00",1.18,2.37,1.41
"2020-08-02 02:00:00",0.57,2.48,1.15
"2020-08-02 03:00:00",0.61,2.77,1.24
"2020-08-02 04:00:00",1.43,3.75,1.6
"2020-08-02 05:00:00",12.28,4.19,1.85
"2020-08-02 06:00:00",1.13,5.06,2.07
"2020-08-02 07:00:00",1.21,4.57,1.91
"2020-08-02 08:00:00",4.09,4.05,1.88
"2020-08-02 09:00:00",0.94,4.62,2.32
"2020-08-02 10:00:00",0.84,4.8,2.48
"2020-08-02 11:00:00",1.22,5.66,3.04
"2020-08-02 12:00:00",0.91,4.4,2.34
"2020-08-02 13:00:00",1.39,4.08,1.99
"2020-08-02 14:00:00",1.04,5.26,1.92
"2020-08-02 15:00:00",1.51,6.02,2.09
"2020-08-02 16:00:00",1.79,4.08,1.7
"2020-08-02 17:00:00",2.24,3.45,1.54
"2020-08-02 18:00:00",2.47,2.89,1.64
"2020-08-02 19:00:00",3.67,3.01,1.79
"2020-08-02 20:00:00",7.63,3.48,2.13
"2020-08-02 21:00:00",6.54,4.45,2.57
"2020-08-02 22:00:00",10.18,3.63,2.32
"2020-08-02 23:00:00",12.05,4.36,3.04
"2020-08-03 00:00:00",10.1,7.66,4.63
"2020-08-03 01:00:00",11.24,6.17,3.2
"2020-08-03 02:00:00",6.62,11.78,8.42
"2020-08-03 03:00:00",5.87,8.26,5.25
"2020-08-03 04:00:00",3.69,6.73,3.39
"2020-08-03 05:00:00",2.88,7.19,4
"2020-08-03 06:00:00",2.99,5.23,3.18
"2020-08-03 07:00:00",7.02,4.56,2.59
"2020-08-03 08:00:00",2.2,4.79,2.97
"2020-08-03 09:00:00",1.83,4.02,2.36
"2020-08-03 10:00:00",1.9,4.75,2.57
"2020-08-03 11:00:00",1.48,3.81,2.14
"2020-08-03 12:00:00",1.8,3.7,2.06
"2020-08-03 13:00:00",2.67,4.08,2.02
"2020-08-03 14:00:00",1.32,3.55,1.94
"2020-08-03 15:00:00",2.19,5.12,3.1
"2020-08-03 16:00:00",2.49,4.56,3.2
"2020-08-03 17:00:00",1.58,2.7,1.53
"2020-08-03 18:00:00",2.02,4.16,1.81
"2020-08-03 19:00:00",2.12,4.26,2.1
"2020-08-03 20:00:00",3.08,4.83,2.51
"2020-08-03 21:00:00",9.74,5.78,3.19
"2020-08-03 22:00:00",16.7,9.38,6.5
"2020-08-03 23:00:00",21,7.95,4.72
"2020-08-04 00:00:00",8.85,6.2,3.4
"2020-08-04 01:00:00",6.62,6.65,3.87
"2020-08-04 02:00:00",5.12,5.1,3.04
"2020-08-04 03:00:00",1.72,2.8,1.58
"2020-08-04 04:00:00",5.3,3.88,1.95
"2020-08-04 05:00:00",2.92,3.4,1.96
"2020-08-04 06:00:00",8.01,5.51,1.62
"2020-08-04 07:00:00",8.41,4.02,1.31
"2020-08-04 08:00:00",7.42,4.88,1.55
"2020-08-04 09:00:00",7.38,7.55,1.91
"2020-08-04 10:00:00",7.13,9.54,2.04
"2020-08-04 11:00:00",5.74,10.16,2.07
"2020-08-04 12:00:00",5.71,8.62,2.04
"2020-08-04 13:00:00",4.21,10.05,2.28
"2020-08-04 14:00:00",3.87,8.95,2.43
"2020-08-04 15:00:00",3.2,10.01,2.74
"2020-08-04 16:00:00",3.78,12.96,3.46
"2020-08-04 17:00:00",3.73,12.32,4.09
"2020-08-04 18:00:00",3.91,13.64,4.51
"2020-08-04 19:00:00",3.46,15.06,4.95
"2020-08-04 20:00:00",4.16,10.05,4.72
"2020-08-04 21:00:00",3.54,9.13,4.62
"2020-08-04 22:00:00",2.23,7.18,4.09
"2020-08-04 23:00:00",1.35,4.58,2.59
"2020-08-05 00:00:00",1.2,1.76,0.98
"2020-08-05 01:00:00",1.24,1.22,0.54
"2020-08-05 02:00:00",2.75,1.11,0.54
"2020-08-05 03:00:00",0.66,0.63,0.33
"2020-08-05 04:00:00",0.86,1.77,0.66
"2020-08-05 05:00:00",1.44,1.88,0.87
"2020-08-05 06:00:00",1.88,1.35,0.64
"2020-08-05 07:00:00",7.46,2.44,0.6
"2020-08-05 08:00:00",7.76,2.36,0.63
"2020-08-05 09:00:00",7.19,10.19,1.7
"2020-08-05 10:00:00",8.2,10.65,2.2
"2020-08-05 11:00:00",7.85,7.65,2.95
"2020-08-05 12:00:00",7.93,11.87,4.07
"2020-08-05 13:00:00",9.23,9.01,2.29
"2020-08-05 14:00:00",5.71,7.77,1.64
"2020-08-05 15:00:00",3.39,3.56,1.27
"2020-08-05 16:00:00",3.99,3.37,1.38
"2020-08-05 17:00:00",5.84,2.35,0.95
"2020-08-05 18:00:00",6.46,2.75,1.05
"2020-08-05 19:00:00",5.73,2.64,1.29
"2020-08-05 20:00:00",4.99,3.41,1.61
"2020-08-05 21:00:00",8.04,4.62,2.22
"2020-08-05 22:00:00",8.03,5.85,3.17
"2020-08-05 23:00:00",7.07,5.61,3.09
"2020-08-06 00:00:00",11.07,5.81,3.52
"2020-08-06 01:00:00",7.55,8.06,4.79
"2020-08-06 02:00:00",12.34,6.91,4.1
"2020-08-06 03:00:00",9.83,6.86,4.2
"2020-08-06 04:00:00",7.6,7.28,4.44
"2020-08-06 05:00:00",7.27,8.7,4.59
"2020-08-06 06:00:00",13.13,6.71,4.47
"2020-08-06 07:00:00",16.95,8.33,4.62
"2020-08-06 08:00:00",12.83,7.7,4.19
"2020-08-06 09:00:00",11.85,9.77,4.5
"2020-08-06 10:00:00",7.29,7.23,3.61
"2020-08-06 11:00:00",5.38,4.97,2.23
"2020-08-06 12:00:00",7.34,4.79,1.47
"2020-08-06 13:00:00",4.05,3.77,1.23
"2020-08-06 14:00:00",4.62,3.49,1.12
"2020-08-06 15:00:00",6.23,10.84,2.06
"2020-08-06 16:00:00",6.39,11.45,2
"2020-08-06 17:00:00",4.41,6.05,1.42
"2020-08-06 18:00:00",5.84,10.5,2.23
"2020-08-06 19:00:00",6.29,6.13,1.66
"2020-08-06 20:00:00",6.19,5.25,1.59
"2020-08-06 21:00:00",6.34,7.52,2.09
"2020-08-06 22:00:00",6.34,4.24,1.78
"2020-08-06 23:00:00",5.27,6.15,2.11
"2020-08-07 00:00:00",3.73,13.16,3.2
"2020-08-07 01:00:00",3.49,10.91,2.52
"2020-08-07 02:00:00",3.53,6.35,1.77
"2020-08-07 03:00:00",2.25,2.19,1.15
"2020-08-07 04:00:00",2.39,1.67,0.97
"2020-08-07 05:00:00",4.31,2.95,1.33
"2020-08-07 06:00:00",11.57,3.42,1.69
"2020-08-07 07:00:00",18.81,5.32,2.64
"2020-08-07 08:00:00",23.86,10.89,3.48
"2020-08-07 09:00:00",27.92,14.03,3.63
"2020-08-07 10:00:00",27.32,14.26,3.52
"2020-08-07 11:00:00",14.43,8.15,2.3
"2020-08-07 12:00:00",5.61,8.4,1.61
"2020-08-07 13:00:00",5.31,6.75,1.5
"2020-08-07 14:00:00",5.61,6.39,1.66
"2020-08-07 15:00:00",5.93,10.49,2.51
"2020-08-07 16:00:00",6,5.78,2.23
"2020-08-07 17:00:00",5.16,4.98,2.59
"2020-08-07 18:00:00",7.23,5.09,2.54
"2020-08-07 19:00:00",7.4,3.8,2.09
"2020-08-07 20:00:00",8.08,4.66,2.1
"2020-08-07 21:00:00",10.48,4.45,2.51
"2020-08-07 22:00:00",16.87,4.87,3
"2020-08-07 23:00:00",7.61,5.35,2.96
"2020-08-08 00:00:00",6.4,5.43,3.09
"2020-08-08 01:00:00",13.35,6.1,3.9
"2020-08-08 02:00:00",15.62,7.97,5.41
"2020-08-08 03:00:00",7.61,6.01,3.18
"2020-08-08 04:00:00",5.49,4.91,3.27
"2020-08-08 05:00:00",7.9,5.1,3.46
"2020-08-08 06:00:00",21.6,7.52,5.34
"2020-08-08 07:00:00",19.89,9.26,5.94
"2020-08-08 08:00:00",19.71,16.82,8.13
"2020-08-08 09:00:00",10.85,5.97,3.61
"2020-08-08 10:00:00",7.08,5.46,2.74
"2020-08-08 11:00:00",4.28,5.42,2.74
"2020-08-08 12:00:00",2.63,5.66,2.48
"2020-08-08 13:00:00",3.94,5.73,2.79
"2020-08-08 14:00:00",5.21,6.58,3.29
"2020-08-08 15:00:00",3.79,5.72,3.44
"2020-08-08 16:00:00",3.07,4.71,2.87
"2020-08-08 17:00:00",2.94,4.31,2.39
"2020-08-08 18:00:00",3.77,5.19,2.76
"2020-08-08 19:00:00",4.98,4.83,2.8
"2020-08-08 20:00:00",5.82,4.16,2.28
"2020-08-08 21:00:00",8.93,4.14,2.52
"2020-08-08 22:00:00",15.86,5.75,3.81
"2020-08-08 23:00:00",26.38,10.55,7.64
"2020-08-09 00:00:00",23.52,9.74,6.53
"2020-08-09 01:00:00",18.59,8.45,5.83
"2020-08-09 02:00:00",25.11,11.54,8.48
"2020-08-09 03:00:00",21.61,10.11,7.31
"2020-08-09 04:00:00",24.27,12.96,10.52
"2020-08-09 05:00:00",18.14,11.53,9.11
"2020-08-09 06:00:00",10.29,10.39,7.04
"2020-08-09 07:00:00",6.61,10.37,5.91
"2020-08-09 08:00:00",7.4,11.08,6.03
"2020-08-09 09:00:00",3.16,13.84,7.62
"2020-08-09 10:00:00",4.49,16.27,8.62
"2020-08-09 11:00:00",4.48,15.09,9.24
"2020-08-09 12:00:00",4.38,16.61,10.32
"2020-08-09 13:00:00",4.75,14.83,9.9
"2020-08-09 14:00:00",4.57,16.01,10.11
"2020-08-09 15:00:00",4.01,14.56,9.61
"2020-08-09 16:00:00",4.4,15.21,9.41
"2020-08-09 17:00:00",4.33,14.64,9.51
"2020-08-09 18:00:00",4.9,15.02,9.72
"2020-08-09 19:00:00",6.21,15.46,10.06
"2020-08-09 20:00:00",5.87,15.52,10.42
"2020-08-09 21:00:00",9.21,15.78,10.88
"2020-08-09 22:00:00",13.39,13.26,9.45
"2020-08-09 23:00:00",15.69,14.62,10.42
"2020-08-10 00:00:00",18.33,14.8,10.58
"2020-08-10 01:00:00",13.5,15.08,10.99
"2020-08-10 02:00:00",10.09,14.21,9.86
"2020-08-10 03:00:00",18.14,12.57,8.57
"2020-08-10 04:00:00",16.58,13.83,9.03
"2020-08-10 05:00:00",10.16,14.75,10.27
"2020-08-10 06:00:00",14.84,15.32,9.98
"2020-08-10 07:00:00",20.61,22.34,13.01
"2020-08-10 08:00:00",26.7,37.89,22.44
"2020-08-10 09:00:00",27.27,48.64,26.55
"2020-08-10 10:00:00",12.24,24.31,14.04
"2020-08-10 11:00:00",11.15,21.45,12.43
"2020-08-10 12:00:00",9.86,18.58,11.03
"2020-08-10 13:00:00",12.86,19.48,10.33
"2020-08-10 14:00:00",26.56,21.02,11.21
"2020-08-10 15:00:00",19.75,18.33,10.61
"2020-08-10 16:00:00",19.62,14.99,9.72
"2020-08-10 17:00:00",23.7,13.16,9.58
"2020-08-10 18:00:00",17.27,12.76,8.79
"2020-08-10 19:00:00",10.01,11.94,7.72
"2020-08-10 20:00:00",11.97,11.57,7.51
"2020-08-10 21:00:00",19,13.69,8.65
"2020-08-10 22:00:00",13.48,14.56,10.13
"2020-08-10 23:00:00",33.63,19.11,13.72
"2020-08-11 00:00:00",37.69,18.52,13.36
"2020-08-11 01:00:00",32.81,23.48,16.26
"2020-08-11 02:00:00",28.48,20.82,13.48
"2020-08-11 03:00:00",21.76,17.66,11.89
"2020-08-11 04:00:00",21.9,17.67,11.95
"2020-08-11 05:00:00",18.74,18.36,13.54
"2020-08-11 06:00:00",19.11,10.62,8.53
"2020-08-11 07:00:00",19.41,11.72,9
"2020-08-11 08:00:00",20.62,12.91,9.55
"2020-08-11 09:00:00",27.6,18.94,11.63
"2020-08-11 10:00:00",22.36,21.06,13.43
"2020-08-11 11:00:00",23.45,17.95,11.52
"2020-08-11 12:00:00",17.49,12.39,8.48
"2020-08-11 13:00:00",15.39,13.68,10.34
"2020-08-11 14:00:00",18.44,13.99,10.2
"2020-08-11 15:00:00",17.59,13.4,9.47
"2020-08-11 16:00:00",16.33,14.56,10.11
"2020-08-11 17:00:00",17.19,20.12,13.79
"2020-08-11 18:00:00",27.23,21.38,15.11
"2020-08-11 19:00:00",25.41,19.18,13.6
"2020-08-11 20:00:00",26.61,19.09,13.85
"2020-08-11 21:00:00",16.24,19.9,14.69
"2020-08-11 22:00:00",15.45,21.34,16.67
"2020-08-11 23:00:00",14.14,23.78,19.33
"2020-08-12 00:00:00",18.28,28.03,23.8
"2020-08-12 01:00:00",12.16,26.29,22.17
"2020-08-12 02:00:00",9.47,26.1,21.63
"2020-08-12 03:00:00",8.87,28.47,24.23
"2020-08-12 04:00:00",18.17,30.89,26.31
"2020-08-12 05:00:00",11.87,31.64,26.68
"2020-08-12 06:00:00",9.43,27.77,22.41
"2020-08-12 07:00:00",19.57,24.94,19.54
"2020-08-12 08:00:00",30.24,25.81,19.37
"2020-08-12 09:00:00",27.8,32.71,21.01
"2020-08-12 10:00:00",21.39,33.29,20.49
"2020-08-12 11:00:00",29.55,26.21,19.15
"2020-08-12 12:00:00",16.09,22.8,15.69
"2020-08-12 13:00:00",12.09,19.41,13.35
"2020-08-12 14:00:00",11.76,22.24,14.82
"2020-08-12 15:00:00",11.64,23.91,16.42
"2020-08-12 16:00:00",13.06,25.39,16.86
"2020-08-12 17:00:00",14.5,26.73,17.65
"2020-08-12 18:00:00",13.42,25.99,17.3
"2020-08-12 19:00:00",15.15,22.61,15.99
"2020-08-12 20:00:00",17.09,23.24,15.77
"2020-08-12 21:00:00",22.54,22.35,16.11
"2020-08-12 22:00:00",26.76,24.24,17.4
"2020-08-12 23:00:00",16.85,24.73,19.11
"2020-08-13 00:00:00",13.05,21.75,16.99
"2020-08-13 01:00:00",9.13,22.07,16.62
"2020-08-13 02:00:00",8.04,20.7,15.82
"2020-08-13 03:00:00",7.42,19.46,14.69
"2020-08-13 04:00:00",7.15,17.59,13.65
"2020-08-13 05:00:00",6.71,19.25,15.87
"2020-08-13 06:00:00",10.02,20.17,16.25
"2020-08-13 07:00:00",15.79,19.47,14.74
"2020-08-13 08:00:00",16.36,18.74,13.22
"2020-08-13 09:00:00",17.23,18.87,12.2
"2020-08-13 10:00:00",15.98,18.82,11.57
"2020-08-13 11:00:00",15.97,18.9,11.66
"2020-08-13 12:00:00",13.44,19.1,12.73
"2020-08-13 13:00:00",13.2,19.47,12.73
"2020-08-13 14:00:00",14.7,18.82,11.93
"2020-08-13 15:00:00",11.63,18.95,11.84
"2020-08-13 16:00:00",13.77,19.62,11.82
"2020-08-13 17:00:00",13.32,19.2,11.33
"2020-08-13 18:00:00",13.53,19.7,11.74
"2020-08-13 19:00:00",14.63,19.03,11.69
"2020-08-13 20:00:00",13.6,17.24,10.98
"2020-08-13 21:00:00",10.36,14.96,9.89
"2020-08-13 22:00:00",11.36,14.58,10.41
"2020-08-13 23:00:00",9.68,14.61,10.27
"2020-08-14 00:00:00",8.12,16.06,10.64
"2020-08-14 01:00:00",6.22,17.07,11.27
"2020-08-14 02:00:00",5.43,17.27,12.33
"2020-08-14 03:00:00",6.86,19.21,13.62
"2020-08-14 04:00:00",5.49,18.59,14.38
"2020-08-14 05:00:00",3.66,19.32,14.89
"2020-08-14 06:00:00",4.88,19.65,14.78
"2020-08-14 07:00:00",8.66,18.64,13.91
"2020-08-14 08:00:00",13.61,16.39,10.31
"2020-08-14 09:00:00",16.37,15.98,9.41
"2020-08-14 10:00:00",15.38,17.33,9.61
"2020-08-14 11:00:00",10.81,14.74,8.25
"2020-08-14 12:00:00",12.42,20.36,10.58
"2020-08-14 13:00:00",11.95,25.13,12.27
"2020-08-14 14:00:00",7.99,18.29,11.22
"2020-08-14 15:00:00",4.39,16.8,10.71
"2020-08-14 16:00:00",6.11,15.58,10.69
"2020-08-14 17:00:00",10.07,15.28,10.74
"2020-08-14 18:00:00",7.3,17.09,10.29
"2020-08-14 19:00:00",9.15,16.86,10.27
"2020-08-14 20:00:00",11.93,14.53,9.26
"2020-08-14 21:00:00",11.52,13.92,9.32
"2020-08-14 22:00:00",22.79,12.66,8.96
"2020-08-14 23:00:00",14.53,9.8,7.13
"2020-08-15 00:00:00",13.59,9.96,7.11
"2020-08-15 01:00:00",12.68,11.88,9.55
"2020-08-15 02:00:00",19.11,12.41,9.83
"2020-08-15 03:00:00",10.88,11.76,9.27
"2020-08-15 04:00:00",6.62,14.78,11.57
"2020-08-15 05:00:00",6.46,15.95,12.65
"2020-08-15 06:00:00",6.16,17.89,13.27
"2020-08-15 07:00:00",7.22,31.32,17.45
"2020-08-15 08:00:00",10.58,34.88,21.88
"2020-08-15 09:00:00",9.21,26.79,21.23
"2020-08-15 10:00:00",10.15,24.49,19.53
"2020-08-15 11:00:00",9.79,24.58,18.66
"2020-08-15 12:00:00",8.44,22.15,15.96
"2020-08-15 13:00:00",6.63,22.4,14.45
"2020-08-15 14:00:00",5.05,21.8,15.1
"2020-08-15 15:00:00",4.74,22.95,16.55
"2020-08-15 16:00:00",5.53,24.93,18.74
"2020-08-15 17:00:00",6.72,28.15,20.9
"2020-08-15 18:00:00",7.23,30.25,23.62
"2020-08-15 19:00:00",10.82,29.4,23.59
"2020-08-15 20:00:00",9.51,27.26,21.05
"2020-08-15 21:00:00",8.79,24.58,19.22
"2020-08-15 22:00:00",9.67,25.72,20.53
"2020-08-15 23:00:00",8.63,21.37,16.65
"2020-08-16 00:00:00",4.63,16.05,11.65
"2020-08-16 01:00:00",4.83,16.2,12.22
"2020-08-16 02:00:00",4.43,15.35,11.48
"2020-08-16 03:00:00",3.06,15.9,11.75
"2020-08-16 04:00:00",1.85,16.82,12.06
"2020-08-16 05:00:00",3.95,19.01,14.07
"2020-08-16 06:00:00",4.93,21.31,16.52
"2020-08-16 07:00:00",6.42,19.46,15.56
"2020-08-16 08:00:00",6.83,17.61,14.19
"2020-08-16 09:00:00",1.55,11.62,8.92
"2020-08-16 10:00:00",1.6,9.95,6.12
"2020-08-16 11:00:00",0.89,9.01,5.34
"2020-08-16 12:00:00",1.42,9.67,5.55
"2020-08-16 13:00:00",2.86,9.93,6.37
"2020-08-16 14:00:00",3.18,9.56,6.25
"2020-08-16 15:00:00",2.39,11.16,7.04
"2020-08-16 16:00:00",2.66,9.73,6.25
"2020-08-16 17:00:00",3.29,10.88,6.79
"2020-08-16 18:00:00",4.49,10.27,5.96
"2020-08-16 19:00:00",4.75,9.99,6.37
"2020-08-16 20:00:00",4.77,10.62,6.23
"2020-08-16 21:00:00",5.95,10.46,6.29
"2020-08-16 22:00:00",5.28,10.63,6.43
"2020-08-16 23:00:00",3.85,11.16,7.11
"2020-08-17 00:00:00",0.77,10.1,6.84
"2020-08-17 01:00:00",1.77,7.92,6.3
"2020-08-17 02:00:00",-0.42,8.33,6.66
"2020-08-17 03:00:00",-0.38,9.25,7.24
"2020-08-17 04:00:00",0.27,6.71,5.52
"2020-08-17 05:00:00",0.91,8.02,6.49
"2020-08-17 06:00:00",3.39,5.7,4.35
"2020-08-17 07:00:00",5.45,8.64,5.95
"2020-08-17 08:00:00",10.68,9.46,6.68
"2020-08-17 09:00:00",13.92,7.94,6.18
"2020-08-17 10:00:00",17.28,13.43,8.84
"2020-08-17 11:00:00",21.49,12.18,8.32
"2020-08-17 12:00:00",21.1,10.28,7.33
"2020-08-17 13:00:00",12.31,6.6,4.56
"2020-08-17 14:00:00",14.62,4.05,2.96
"2020-08-17 15:00:00",15.36,4.3,3.24
"2020-08-17 16:00:00",15.31,11.22,4.9
"2020-08-17 17:00:00",14.38,6.74,5.06
"2020-08-17 18:00:00",18.94,4.83,3.68
"2020-08-17 19:00:00",14.1,5.29,3.69
"2020-08-17 20:00:00",9.17,6.94,5.28
"2020-08-17 21:00:00",6.98,7.2,5.42
"2020-08-17 22:00:00",11.72,5.98,4.49
"2020-08-17 23:00:00",8.88,4.29,2.82
"2020-08-18 00:00:00",4.53,5.77,3.1
"2020-08-18 01:00:00",5.01,7.84,5.3
"2020-08-18 02:00:00",5.26,11.72,8.16
"2020-08-18 03:00:00",7.03,12.42,8.3
"2020-08-18 04:00:00",6.41,12.82,8.53
"2020-08-18 05:00:00",4.27,5.18,3.3
"2020-08-18 06:00:00",9.03,2.39,0.8
"2020-08-18 07:00:00",8.66,2.44,0.88
"2020-08-18 08:00:00",10.48,3.69,1.6
"2020-08-18 09:00:00",10.04,3.86,2.17
"2020-08-18 10:00:00",7.73,4.93,2.39
"2020-08-18 11:00:00",4.27,5.58,2.48
"2020-08-18 12:00:00",2.75,5.89,2.74
"2020-08-18 13:00:00",2.31,5.11,2.55
"2020-08-18 14:00:00",1.51,5.14,2.53
"2020-08-18 15:00:00",4.35,7.48,4.25
"2020-08-18 16:00:00",7.75,4.6,1.87
"2020-08-18 17:00:00",4.5,3.71,1.78
"2020-08-18 18:00:00",15.43,7.73,2.99
"2020-08-18 19:00:00",15.82,7.34,3.43
"2020-08-18 20:00:00",26.02,8.06,4.23
"2020-08-18 21:00:00",29.03,9.2,5.06
"2020-08-18 22:00:00",31.73,10.29,5.97
"2020-08-18 23:00:00",37.17,13.21,8.05
"2020-08-19 00:00:00",11.42,11.47,5.83
"2020-08-19 01:00:00",2.84,7,3.5
"2020-08-19 02:00:00",7.42,10.99,4.6
"2020-08-19 03:00:00",9.04,8.92,4.81
"2020-08-19 04:00:00",21.16,11.97,5.96
"2020-08-19 05:00:00",20.33,15.4,8.41
"2020-08-19 06:00:00",16.31,10.74,5.24
"2020-08-19 07:00:00",17.54,7.67,4.21
"2020-08-19 08:00:00",9.42,6.07,4.67
"2020-08-19 09:00:00",9.45,9.99,6.72
"2020-08-19 10:00:00",9.8,9.74,5.08
"2020-08-19 11:00:00",9.19,7.12,4.23
"2020-08-19 12:00:00",13.45,6.89,4.27
"2020-08-19 13:00:00",17.31,6.2,4.12
"2020-08-19 14:00:00",6.01,4.21,3.07
"2020-08-19 15:00:00",6.07,3.4,2.49
"2020-08-19 16:00:00",12.58,5.95,4.28
"2020-08-19 17:00:00",18.73,5.22,3.97
"2020-08-19 18:00:00",8.74,2.63,1.86
"2020-08-19 19:00:00",7.91,2.43,1.52
"2020-08-19 20:00:00",7.03,2.16,1.32
"2020-08-19 21:00:00",4.49,2.83,1.5
"2020-08-19 22:00:00",-0.14,3.12,1.71
"2020-08-19 23:00:00",-0.9,3.77,2.13
"2020-08-20 00:00:00",-1.22,4.49,2.17
"2020-08-20 01:00:00",0.32,17.69,8.56
"2020-08-20 02:00:00",-0.46,11.64,5.63
"2020-08-20 03:00:00",-2.02,15.8,6.68
"2020-08-20 04:00:00",-2.14,14.22,6.65
"2020-08-20 05:00:00",-1.41,11.42,5.83
"2020-08-20 06:00:00",1.6,13.24,6.12
"2020-08-20 07:00:00",6.96,15.37,6.88
"2020-08-20 08:00:00",7.78,14.44,6.9
"2020-08-20 09:00:00",6.56,15.12,7.28
"2020-08-20 10:00:00",5.05,13.33,6.51
"2020-08-20 11:00:00",1.94,14.56,7.25
"2020-08-20 12:00:00",4.83,13.31,5.74
"2020-08-20 13:00:00",5.62,11.77,4.88
"2020-08-20 14:00:00",2.28,13.19,5.25
"2020-08-20 15:00:00",2.53,12.25,5.49
"2020-08-20 16:00:00",2.48,12.44,5.89
"2020-08-20 17:00:00",1.45,10.7,6.31
"2020-08-20 18:00:00",1.98,7.11,4.36
"2020-08-20 19:00:00",1.46,7.08,4.39
"2020-08-20 20:00:00",1.45,6.88,4.45
"2020-08-20 21:00:00",-0.14,11.99,7.09
"2020-08-20 22:00:00",-1.34,11.24,6.76
"2020-08-20 23:00:00",-1.77,11.19,6.34
"2020-08-21 00:00:00",-1.69,9,5.65
"2020-08-21 01:00:00",-2.24,7.72,4.66
"2020-08-21 02:00:00",-2.19,12.45,6.58
"2020-08-21 03:00:00",-1.94,6.78,3.85
"2020-08-21 04:00:00",-2.31,7.48,4.11
"2020-08-21 05:00:00",-2.09,11.02,5.84
"2020-08-21 06:00:00",1.2,5.49,3.27
"2020-08-21 07:00:00",2.84,4.74,2.41
"2020-08-21 08:00:00",3.08,6.11,3.5
"2020-08-21 09:00:00",4.32,7.9,3.48
"2020-08-21 10:00:00",3.82,7.9,3.29
"2020-08-21 11:00:00",3.58,12.75,3.86
"2020-08-21 12:00:00",2.67,8.94,2.9
"2020-08-21 13:00:00",2.62,6.99,2.8
"2020-08-21 14:00:00",2.04,4.77,2.03
"2020-08-21 15:00:00",1.39,4.77,1.7
"2020-08-21 16:00:00",3.53,6.02,2.72
"2020-08-21 17:00:00",1.64,6.77,3.22
"2020-08-21 18:00:00",0.36,6.42,3.04
"2020-08-21 19:00:00",0.6,6.78,3.2
"2020-08-21 20:00:00",1.87,6.18,3.15
"2020-08-21 21:00:00",2.8,7.25,3.9
"2020-08-21 22:00:00",4.91,8.28,4.57
"2020-08-21 23:00:00",2.03,13.58,8.19
"2020-08-22 00:00:00",-0.29,10.83,6.08
"2020-08-22 01:00:00",-1.49,8.95,5.24
"2020-08-22 02:00:00",-1.87,9.65,5.49
"2020-08-22 03:00:00",-2.36,9.81,5.48
"2020-08-22 04:00:00",-2.37,7.9,4.88
"2020-08-22 05:00:00",-2.25,5.46,3.53
"2020-08-22 06:00:00",-2.26,5.31,3.2
"2020-08-22 07:00:00",-1.25,4.26,2.23
"2020-08-22 08:00:00",0.18,3.37,1.69
"2020-08-22 09:00:00",-0.08,3.18,1.49
"2020-08-22 10:00:00",-0.27,5.69,2.65
"2020-08-22 11:00:00",-0.6,6.15,2.52
"2020-08-22 12:00:00",-0.01,4,1.96
"2020-08-22 13:00:00",0.17,4.32,2.01
"2020-08-22 14:00:00",0,3.56,1.81
"2020-08-22 15:00:00",0.07,3.16,1.87
"2020-08-22 16:00:00",-0.05,1.67,1.07
"2020-08-22 17:00:00",0.37,2.91,1.62
"2020-08-22 18:00:00",4.5,6.23,3.44
"2020-08-22 19:00:00",1.2,5.12,3.08
"2020-08-22 20:00:00",0.43,5.29,3.45
"2020-08-22 21:00:00",0.6,5.7,3.51
"2020-08-22 22:00:00",4.75,6.9,4.33
"2020-08-22 23:00:00",9.48,9.68,6.19
"2020-08-23 00:00:00",6.76,10.36,7.5
"2020-08-23 01:00:00",6.78,8.42,5.82
"2020-08-23 02:00:00",2.25,10.45,6.95
"2020-08-23 03:00:00",-1.41,9.41,6.19
"2020-08-23 04:00:00",-1.68,6.86,4.88
"2020-08-23 05:00:00",0.22,8.46,5.39
"2020-08-23 06:00:00",-2.25,5.83,3.74
"2020-08-23 07:00:00",-1.33,3.54,2.03
"2020-08-23 08:00:00",-2.31,3.69,1.93
"2020-08-23 09:00:00",0.94,2.88,1.61
"2020-08-23 10:00:00",-1.08,3.65,1.63
"2020-08-23 11:00:00",-2.08,6.25,3.2
"2020-08-23 12:00:00",-1.15,5.11,2.53
"2020-08-23 13:00:00",0.72,4.15,2.33
"2020-08-23 14:00:00",-0.6,6.85,3.63
"2020-08-23 15:00:00",1.6,9.53,4.95
"2020-08-23 16:00:00",-0.45,8.58,4.4
"2020-08-23 17:00:00",-0.53,8.13,4.38
"2020-08-23 18:00:00",-0.39,8.18,4.45
"2020-08-23 19:00:00",-0.14,7.87,4.16
"2020-08-23 20:00:00",0.47,8.32,4.52
"2020-08-23 21:00:00",0.79,8,4.39
"2020-08-23 22:00:00",7.51,6.36,3.83
"2020-08-23 23:00:00",13.07,10.8,7.58
"2020-08-24 00:00:00",10.53,9.74,6.88
"2020-08-24 01:00:00",1.34,8.09,5.24
"2020-08-24 02:00:00",9.31,12.7,8.62
"2020-08-24 03:00:00",3.02,14.32,10.05
"2020-08-24 04:00:00",6.25,13.57,10.36
"2020-08-24 05:00:00",7.37,10.71,7.85
"2020-08-24 06:00:00",16.3,7.01,5.12
"2020-08-24 07:00:00",18.84,5.84,4.69
"2020-08-24 08:00:00",22.01,5.93,4.32
"2020-08-24 09:00:00",25.2,9.26,5.05
"2020-08-24 10:00:00",28,9.84,4.68
"2020-08-24 11:00:00",9.75,7.24,3.87
"2020-08-24 12:00:00",6.28,7.64,3.76
"2020-08-24 13:00:00",4.6,6.4,3.65
"2020-08-24 14:00:00",5.49,7.41,4.06
"2020-08-24 15:00:00",3.97,6.05,3.35
"2020-08-24 16:00:00",3.55,5.39,3.16
"2020-08-24 17:00:00",5.69,5.89,3.27
"2020-08-24 18:00:00",6.2,6.05,3.19
"2020-08-24 19:00:00",5.53,5.17,3.15
"2020-08-24 20:00:00",4.53,5.49,3.35
"2020-08-24 21:00:00",5.7,7.19,4.38
"2020-08-24 22:00:00",4.94,4.58,3.17
"2020-08-24 23:00:00",4.33,2.78,1.94
"2020-08-25 00:00:00",3.05,2.75,1.6
"2020-08-25 01:00:00",0.81,2.32,1.63
"2020-08-25 02:00:00",0.98,2.17,1.11
"2020-08-25 03:00:00",-0.91,2.13,1.4
"2020-08-25 04:00:00",-1.06,3.04,1.89
"2020-08-25 05:00:00",-1.02,2.11,1.37
"2020-08-25 06:00:00",-0.93,0.96,0.59
"2020-08-25 07:00:00",1.66,1,0.51
"2020-08-25 08:00:00",9.21,2.86,0.81
"2020-08-25 09:00:00",11.75,5.09,1.18
"2020-08-25 10:00:00",10.32,6.23,1.56
"2020-08-25 11:00:00",8.51,4.22,1.53
"2020-08-25 12:00:00",3.52,1.99,0.66
"2020-08-25 13:00:00",2.22,1.25,0.57
"2020-08-25 14:00:00",1.12,2.19,0.97
"2020-08-25 15:00:00",1.33,1.38,0.59
"2020-08-25 16:00:00",2.54,2.39,0.86
"2020-08-25 17:00:00",1.89,1.96,0.88
"2020-08-25 18:00:00",1.88,2.02,1.16
"2020-08-25 19:00:00",1.92,2.18,1.06
"2020-08-25 20:00:00",1.64,3.23,1.43
"2020-08-25 21:00:00",1.18,4.89,3.33
"2020-08-25 22:00:00",-0.17,4.96,3.06
"2020-08-25 23:00:00",0.45,6.55,3.46
"2020-08-26 00:00:00",-1.82,6.67,3.71
"2020-08-26 01:00:00",-2.33,6.44,3.68
"2020-08-26 02:00:00",-1.91,8.08,4.35
"2020-08-26 03:00:00",-2.61,8.61,4.75
"2020-08-26 04:00:00",-1.28,9.39,4.84
"2020-08-26 05:00:00",-0.54,8.48,4.59
"2020-08-26 06:00:00",3.39,9.29,4.95
"2020-08-26 07:00:00",9.38,9.94,5.33
"2020-08-26 08:00:00",10.73,9.55,5.08
"2020-08-26 09:00:00",9.11,6.88,3.64
"2020-08-26 10:00:00",6.66,6.18,2.83
"2020-08-26 11:00:00",3.92,6.21,2.89
"2020-08-26 12:00:00",1.36,7.17,3.63
"2020-08-26 13:00:00",0.4,7.61,3.9
"2020-08-26 14:00:00",1.09,6.73,3.67
"2020-08-26 15:00:00",0.64,7.1,3.6
"2020-08-26 16:00:00",1.11,7.92,4.01
"2020-08-26 17:00:00",-0.03,7.71,3.57
"2020-08-26 18:00:00",2.69,7.07,3.74
"2020-08-26 19:00:00",2.74,7.93,4.18
"2020-08-26 20:00:00",7.37,7.71,3.91
"2020-08-26 21:00:00",18.31,10.23,5.19
"2020-08-26 22:00:00",17.02,12.37,7.51
"2020-08-26 23:00:00",13.59,10.29,5.53
"2020-08-27 00:00:00",18.96,13.19,8.34
"2020-08-27 01:00:00",19.56,14.43,9.13
"2020-08-27 02:00:00",13.53,12.24,6.42
"2020-08-27 03:00:00",11.13,10.1,5.44
"2020-08-27 04:00:00",11.29,10.02,5.22
"2020-08-27 05:00:00",7.5,7.01,4.31
"2020-08-27 06:00:00",9.66,6.9,4.12
"2020-08-27 07:00:00",20.82,7.34,4.42
"2020-08-27 08:00:00",26.44,9.11,4.99
"2020-08-27 09:00:00",30.17,12.87,6.28
"2020-08-27 10:00:00",27.37,13.22,5.06
"2020-08-27 11:00:00",21.5,10.56,4.3
"2020-08-27 12:00:00",20.59,6.74,3.39
"2020-08-27 13:00:00",13.28,5.76,3.14
"2020-08-27 14:00:00",11.1,5.16,2.93
"2020-08-27 15:00:00",8.66,4.05,2.36
"2020-08-27 16:00:00",11.95,3.64,2.23
"2020-08-27 17:00:00",13.57,2.73,1.85
"2020-08-27 18:00:00",15.02,3.41,2.16
"2020-08-27 19:00:00",15.67,4.04,2.24
"2020-08-27 20:00:00",15.88,7.04,3.3
"2020-08-27 21:00:00",12.65,6.13,3.37
"2020-08-27 22:00:00",8.08,4.71,2.35
"2020-08-27 23:00:00",6.86,3.99,2.13
"2020-08-28 00:00:00",9.34,6.22,3.57
"2020-08-28 01:00:00",5.09,8.28,4.5
"2020-08-28 02:00:00",2.55,9.94,4.31
"2020-08-28 03:00:00",1.61,7.85,3.84
"2020-08-28 04:00:00",1.37,10.02,4.39
"2020-08-28 05:00:00",3.34,6.47,3.13
"2020-08-28 06:00:00",2.6,7.47,2.91
"2020-08-28 07:00:00",9.21,7.06,3.19
"2020-08-28 08:00:00",13.64,4.7,2.29
"2020-08-28 09:00:00",9.48,5.62,2.14
"2020-08-28 10:00:00",6.02,3.98,1.86
"2020-08-28 11:00:00",3.9,6.4,3.42
"2020-08-28 12:00:00",3.47,7.96,4.15
"2020-08-28 13:00:00",3.6,7.4,3.44
"2020-08-28 14:00:00",6.52,5.43,2.78
"2020-08-28 15:00:00",6.68,6.29,2.8
"2020-08-28 16:00:00",5.26,7.06,2.94
"2020-08-28 17:00:00",4.53,7.57,3.34
"2020-08-28 18:00:00",4.36,6.57,3.01
"2020-08-28 19:00:00",9.83,5.5,2.76
"2020-08-28 20:00:00",7.49,4.55,2.48
"2020-08-28 21:00:00",5.95,4.84,2.72
"2020-08-28 22:00:00",4.28,4.75,2.53
"2020-08-28 23:00:00",2.85,6.03,2.88
"2020-08-29 00:00:00",0.29,8.13,3.83
"2020-08-29 01:00:00",-0.29,8.38,3.68
"2020-08-29 02:00:00",-0.4,7.69,3.79
"2020-08-29 03:00:00",-1.56,7.15,3.67
"2020-08-29 04:00:00",-2,7.38,3.46
"2020-08-29 05:00:00",-1.95,6.58,3.31
"2020-08-29 06:00:00",-1.51,6.69,3.31
"2020-08-29 07:00:00",1.84,6.74,3.35
"2020-08-29 08:00:00",3.01,5.69,3.16
"2020-08-29 09:00:00",3.14,6.62,2.87
"2020-08-29 10:00:00",2.74,6.24,2.79
"2020-08-29 11:00:00",0.89,5.47,2.43
"2020-08-29 12:00:00",0.7,3.24,1.61
"2020-08-29 13:00:00",2.14,4.93,1.9
"2020-08-29 14:00:00",1.46,3.26,1.5
"2020-08-29 15:00:00",1.75,3.41,1.54
"2020-08-29 16:00:00",2.06,3.73,1.63
"2020-08-29 17:00:00",5.63,3.51,2.21
"2020-08-29 18:00:00",3.46,4.29,2.03
"2020-08-29 19:00:00",4.88,5.6,2.93
"2020-08-29 20:00:00",8.51,7.73,4.47
"2020-08-29 21:00:00",14.81,8.13,4.89
"2020-08-29 22:00:00",8.34,8.5,5.07
"2020-08-29 23:00:00",5.49,9.22,5.9
"2020-08-30 00:00:00",11.03,7.76,4.72
"2020-08-30 01:00:00",8.26,7.3,4.21
"2020-08-30 02:00:00",6.9,8.29,5.45
"2020-08-30 03:00:00",4.86,7.88,5.14
"2020-08-30 04:00:00",4.44,8.06,4.19
"2020-08-30 05:00:00",5.28,6.79,3.82
"2020-08-30 06:00:00",4.05,7.28,3.62
"2020-08-30 07:00:00",5.86,6.8,3.48
"2020-08-30 08:00:00",4.05,6.77,3.36
"2020-08-30 09:00:00",-0.1,6.28,3.23
"2020-08-30 10:00:00",1.38,6.08,3.24
"2020-08-30 11:00:00",3.51,5.22,3.04
"2020-08-30 12:00:00",0.97,4.59,2.33
"2020-08-30 13:00:00",-0.31,3.29,1.85
"2020-08-30 14:00:00",4.27,4.29,2.49
"2020-08-30 15:00:00",4.73,4.82,2.64
"2020-08-30 16:00:00",6.17,4.33,2.26
"2020-08-30 17:00:00",3.15,4,2.31
"2020-08-30 18:00:00",3.67,3.91,2.03
"2020-08-30 19:00:00",3.35,3.16,1.91
"2020-08-30 20:00:00",7.61,6.14,4.21
"2020-08-30 21:00:00",13.82,6.94,4.47
"2020-08-30 22:00:00",15.71,9.26,6.54
"2020-08-30 23:00:00",17.27,12.64,9.94
"2020-08-31 00:00:00",16.39,11.31,9.14
"2020-08-31 01:00:00",7.7,6.86,4.4
"2020-08-31 02:00:00",23.1,12.7,8.86
"2020-08-31 03:00:00",25.7,11.79,8.75
"2020-08-31 04:00:00",23.47,9.52,6.49
"2020-08-31 05:00:00",10.34,14.85,11.8
"2020-08-31 06:00:00",22.78,11.43,5.82
"2020-08-31 07:00:00",31.73,7.93,4.08
"2020-08-31 08:00:00",35.1,8.26,4.51
"2020-08-31 09:00:00",20.82,9.35,3.37
"2020-08-31 10:00:00",5.65,5.99,2.67
"2020-08-31 11:00:00",1.44,6.22,2.55
"2020-08-31 12:00:00",1.32,9.51,2.98
"2020-08-31 13:00:00",3.15,9.38,3.23
"2020-08-31 14:00:00",2.16,13.25,3.85
"2020-08-31 15:00:00",2.27,11.83,3.46
"2020-08-31 16:00:00",2.42,9.46,3.25
"2020-08-31 17:00:00",5.67,10.3,3.14
"2020-08-31 18:00:00",6.73,9.4,3.41
"2020-08-31 19:00:00",4.61,6.21,3.3
"2020-08-31 20:00:00",6.06,7.33,3.5
"2020-08-31 21:00:00",8.8,9.93,4.17
"2020-08-31 22:00:00",7.08,10.39,4.41
"2020-08-31 23:00:00",3.1,8.58,4.12
"2020-09-01 00:00:00",2.84,6.68,3.53
"2020-09-01 01:00:00",1.39,6.26,3.24
"2020-09-01 02:00:00",6.07,8.08,3.63
"2020-09-01 03:00:00",1.18,5.3,3.33
"2020-09-01 04:00:00",1.71,6.91,4.64
"2020-09-01 05:00:00",6.16,5.67,3.56
"2020-09-01 06:00:00",7.79,5.82,3.44
"2020-09-01 07:00:00",27,7.27,3.45
"2020-09-01 08:00:00",38.93,9.54,3.64
"2020-09-01 09:00:00",38.49,12.41,4.32
"2020-09-01 10:00:00",11.9,6.31,2.63
"2020-09-01 11:00:00",17.16,18.15,4.44
"2020-09-01 12:00:00",6.46,13.04,3.66
"2020-09-01 13:00:00",3.39,15.23,4.04
"2020-09-01 14:00:00",3.74,15.98,3.63
"2020-09-01 15:00:00",2.47,14.34,3.57
"2020-09-01 16:00:00",3.53,16.01,3.82
"2020-09-01 17:00:00",3.94,13.09,3.62
"2020-09-01 18:00:00",5.28,14.41,4.04
"2020-09-01 19:00:00",6.81,10.39,3.32
"2020-09-01 20:00:00",5.55,5.93,2.41
"2020-09-01 21:00:00",7.01,6.61,2.57
"2020-09-01 22:00:00",5.41,6.93,2.48
"2020-09-01 23:00:00",4.28,8.9,4.74
"2020-09-02 00:00:00",2.34,6.09,1.91
"2020-09-02 01:00:00",0.41,3.92,1.77
"2020-09-02 02:00:00",-0.01,4.85,2.23
"2020-09-02 03:00:00",-1.64,4.11,1.7
"2020-09-02 04:00:00",-1.49,2.82,1.7
"2020-09-02 05:00:00",-0.76,1.71,0.95
"2020-09-02 06:00:00",4.43,2.79,0.99
"2020-09-02 07:00:00",17.56,5.31,2.21
"2020-09-02 08:00:00",12.82,4.18,2.08
"2020-09-02 09:00:00",10.19,3.67,1.97
"2020-09-02 10:00:00",14.49,3.7,1.62
"2020-09-02 11:00:00",10.63,2.99,0.94
"2020-09-02 12:00:00",4.75,3.72,1.19
"2020-09-02 13:00:00",3.02,5.37,1.84
"2020-09-02 14:00:00",3.2,9.46,4.08
"2020-09-02 15:00:00",2.1,10.61,3.66
"2020-09-02 16:00:00",1.9,9.44,3.43
"2020-09-02 17:00:00",2.63,8.41,3.19
"2020-09-02 18:00:00",3.78,8.85,3.31
"2020-09-02 19:00:00",2.78,8.89,3.46
"2020-09-02 20:00:00",2.57,8.65,3.57
"2020-09-02 21:00:00",2.2,6.68,3.15
"2020-09-02 22:00:00",1.41,3.78,2.35
"2020-09-02 23:00:00",0.05,3.52,2.12
"2020-09-03 00:00:00",2.65,1.41,0.63
"2020-09-03 01:00:00",-1.5,4.31,2.07
"2020-09-03 02:00:00",0.38,6.76,3.57
"2020-09-03 03:00:00",-1.93,8.1,3.91
"2020-09-03 04:00:00",-1.49,9.73,4.88
"2020-09-03 05:00:00",-1.68,10.21,5.39
"2020-09-03 06:00:00",-0.37,10.53,5.45
"2020-09-03 07:00:00",3.09,9.73,5.08
"2020-09-03 08:00:00",7.91,11.29,5.99
"2020-09-03 09:00:00",7.76,7.37,3.94
"2020-09-03 10:00:00",5.89,6.11,3.1
"2020-09-03 11:00:00",2.71,5.27,2.55
"2020-09-03 12:00:00",1.07,4.62,1.9
"2020-09-03 13:00:00",0.43,5.51,2.2
"2020-09-03 14:00:00",0.87,5.61,2.53
"2020-09-03 15:00:00",1.37,7.15,3.32
"2020-09-03 16:00:00",0.87,8.15,3.16
"2020-09-03 17:00:00",1.89,8.21,3.01
"2020-09-03 18:00:00",2.75,4.37,1.76
"2020-09-03 19:00:00",3.07,4.79,2.33
"2020-09-03 20:00:00",7.74,5.91,2.86
"2020-09-03 21:00:00",6.32,9.46,4.58
"2020-09-03 22:00:00",9.86,11.26,6.15
"2020-09-03 23:00:00",3.68,13.61,6.94